<?xml version="1.0" encoding="UTF-8" standalone="yes"?>
<AppProfileExportImportJaxb xmlns="http://www.cliqr.com/xml/ns/appProfileExportImport">
    <AppProfileList>
        <appProfileInfo topLevelAppName="Apigee">
            <appProfileInfoPath location="1.0.3" extension="json"/>
            <appProfileInfoPath location="1.0.4" extension="json"/>
            <appProfileInfoPath location="1.0" extension="json"/>
            <appProfileInfoPath location="1.0.1" extension="json"/>
            <appProfileInfoPath location="1.2.0" extension="json"/>
        </appProfileInfo>
    </AppProfileList>
    <ResourceList>
        <resource>
            <type>RemoteRepository</type>
            <RemoteRepository>
                <repositoryName>WWT_GitHub</repositoryName>
                <repositoryId>1</repositoryId>
                <appNameList>
                    <appName>Apigee</appName>
                </appNameList>
            </RemoteRepository>
        </resource>
    </ResourceList>
</AppProfileExportImportJaxb>
